Maturity,50.0,52.5,55.0,57.5,60.0,62.5,65.0,67.5,70.0,72.5,75.0,77.5,80.0,82.5,85.0,87.5,90.0,92.5,95.0,97.5,100.0,102.5,105.0,107.5,110.0,112.5,115.0,117.5,120.0,122.5,125.0,127.5,130.0,132.5,135.0,137.5,140.0,142.5,145.0,147.5,150.0
0.1,0.20532529203634486,0.19980550906089192,0.20428361378526025,0.2053001316907387,0.20346720501586663,0.20290359798735905,0.19854965966513657,0.2022020117234956,0.20485943343284294,0.19940550483860084,0.20134755209449226,0.20248255039331275,0.20210355993357743,0.20121710190057976,0.20223247648068907,0.20334715956545169,0.20365632487396357,0.19962003171134543,0.20093954202107092,0.1996342461566244,0.19882315429608277,0.20140750757227477,0.19612513437644655,0.19928372265989747,0.20207683172686228,0.20263117410557369,0.1974221912546948,0.20205735135374378,0.202056761092496,0.20165930996668974,0.20257222052618862,0.2057933666930436,0.20240350718974212,0.20177162679847627,0.20169232271725215,0.20402533952026367,0.20446832276286947,0.20158806794693895,0.2046001709805598,0.20308007116201765,0.20428673822141968
0.2,0.2063574488892012,0.20480699832892377,0.20366541399888807,0.2021596332412914,0.2045134621663194,0.2021410830425143,0.20808395954874795,0.2047908251922757,0.20257121387147747,0.2030711682898267,0.20525923206416322,0.20082905267999365,0.2011199698487206,0.20161444463594422,0.20306983158997885,0.2018568918250247,0.20106633136334703,0.20003895442230496,0.19933469997885178,0.20245668460555888,0.20145102355159747,0.1989647066427359,0.19927545732858207,0.19921088177772261,0.19985744788675147,0.20271006172326594,0.20063835548390999,0.20040959891996996,0.19898789367237435,0.20275152276282507,0.20156005589732492,0.20147130748626488,0.2048925665437536,0.2043140202115764,0.20576283854782204,0.2014406497632529,0.20511670448827454,0.20451789961831338,0.20720515542900064,0.2035125895126886,0.20751384276443996
0.3,0.20617186413111807,0.2053311027769695,0.20731437752699577,0.206798996085119,0.2064862050731228,0.2060950259175636,0.2055186708481273,0.20194387992583385,0.2051715727345599,0.20324845633866517,0.2051566117053878,0.20297147181390113,0.20009971675957428,0.20448851367641846,0.20222580701112705,0.20099178462606027,0.2005971961334354,0.20296770056103927,0.20244187972213928,0.2014852597601947,0.2021390613936642,0.1994240980732088,0.20458750258414204,0.19860748143226045,0.2031388735563688,0.19988374156293054,0.20309044284153732,0.20041033887858953,0.20414300942887695,0.20152357958523812,0.20314376707977175,0.2050622088353598,0.20498080081463427,0.20409547859522156,0.20418454595854074,0.20764204546583953,0.2067784075323727,0.20428917316493506,0.20700322951270914,0.20778329319057534,0.2100777771269962
0.4,0.2075097129658904,0.20675709004445023,0.20421919692920668,0.20476243651693865,0.20348700229440525,0.20034669887582943,0.2031483219694642,0.20262709995941378,0.20618232298476907,0.2053772658533891,0.20608007506643936,0.19971231938467351,0.20206999882085666,0.20343632615685506,0.20241506081415234,0.2008662780950402,0.1994529084687078,0.205353122379849,0.2019412342521137,0.20259648207611108,0.20113117916373,0.2027267581180002,0.2028406983420333,0.20442252640917985,0.20292050488639204,0.20381159410408597,0.2009235027708599,0.20640089932014688,0.20069448875878482,0.20063991337697665,0.2017023241725825,0.20543684780243493,0.20081046522487203,0.2016254936524816,0.2079254005853052,0.20340924234512,0.2035174190887489,0.20615703787638498,0.20978053687313158,0.20757856277958123,0.2072703100212188
0.5,0.20986739079600003,0.20818416664879072,0.20757140250757847,0.20573202163958024,0.20205597023731348,0.20639024821448904,0.20774281841080303,0.20873969957066676,0.20593586523430732,0.20426165103587254,0.20771701202383078,0.2060258910338388,0.2033884053251322,0.20833408622022076,0.2044932310242509,0.2003473189283224,0.203785584855793,0.20431559294407028,0.20346185383558482,0.20179063983637258,0.2068126533292027,0.20495638159507779,0.2053406245933159,0.20308713607506673,0.20077654578484283,0.20459586565743923,0.20391608181819743,0.20432578458933773,0.20235163865849196,0.20503192540361617,0.20565606161867075,0.20150894178541828,0.20807711880922322,0.20299855818787968,0.206646185969094,0.2039503567797648,0.20847001644827898,0.20497093685798146,0.20669264714170837,0.2087273934259109,0.2082682403212755
0.6,0.2109804083999507,0.2085811298474149,0.20617419537624826,0.20821824138096154,0.2045502505660828,0.20819151227284127,0.20513093753706643,0.2040462212903781,0.20633654312392083,0.20771615463059626,0.2035112473011367,0.2030117304181286,0.20469637833928062,0.2064992192953723,0.2032600773434259,0.19895517006713856,0.20002819075462946,0.20204384433756567,0.20392414826832175,0.20204556147648478,0.20301434731058765,0.20297670768099954,0.2025962715880551,0.2032215319899728,0.20317407830145662,0.20290780077063697,0.20195871609954028,0.20307185123834706,0.2056810641388521,0.20374053742911863,0.20548269685594817,0.20383209803130853,0.20291099650381772,0.20714729040102123,0.20502445534949693,0.20490550616665862,0.20703440131209078,0.20368265392922966,0.20789626112832743,0.20864738426568888,0.2075158971687604
0.7,0.20821317172792297,0.20926752362679593,0.21315209654565456,0.20489897703288934,0.2064271146278416,0.20865240765491394,0.20586447915914083,0.20430930534009334,0.2055864897038632,0.20545978640631982,0.20397329955350757,0.2037326936007587,0.209178296878378,0.20629061748702804,0.20216124058621723,0.20044662484210085,0.2046486654312189,0.2025823509971492,0.20344145779682454,0.20336333432982776,0.20114663535720775,0.2060606101897894,0.2002913201149375,0.20285815975954613,0.20273821314774437,0.20482823627089816,0.20269999874807976,0.20351451494274375,0.20189576213887236,0.19994955272095982,0.20592122218242387,0.20818876840396744,0.20578463733246624,0.20766606813876803,0.2072200980953343,0.20652089995347353,0.20863389782864655,0.2059982448954586,0.20708747964369523,0.2068392498894683,0.21024594634656954
0.8,0.21139066883030486,0.20614774355657578,0.2098394440613868,0.20681264088915008,0.21061312397741522,0.2040841134772287,0.2085830366763042,0.20710877691068083,0.2037307405834262,0.20298810254124824,0.20747306400105325,0.20323506936305066,0.20152995814273666,0.20777154106686763,0.20366927206162566,0.20521960900530375,0.20505545356469404,0.20020061512694143,0.20416494694247042,0.20392688882340074,0.20559482534018778,0.20179540840278204,0.2011861170710852,0.2066928930258182,0.20271511610191828,0.20133562962242266,0.20616748572488894,0.20263258051123642,0.2049578436147998,0.2034602913898984,0.2030630117387385,0.20854116176725154,0.20611288716777001,0.20583717363156864,0.20772866276810426,0.20828089347509954,0.2120789886800693,0.20655278705996719,0.2077265869812616,0.21000680921604217,0.21206842689021582
0.9,0.21324274996841447,0.2080646163565278,0.21063712095096535,0.20833741298861863,0.20846455632015334,0.2085400187724634,0.2077087025441601,0.20527924957952862,0.20960549450948535,0.2098484344847451,0.2013428353060603,0.20688195263792236,0.2057095180618856,0.2069582295665439,0.2042463131605674,0.20578049162876688,0.20410266507507208,0.2052648135487765,0.2050496642343971,0.19949186001782285,0.20256940461017622,0.2052612929424034,0.20515031253338573,0.20586928890329192,0.2085613834186927,0.20717251474007714,0.20347934422598277,0.2069624715258824,0.20693844396350214,0.20785403053397855,0.2065822175552398,0.20435748924573005,0.2079991182921467,0.20537139967006943,0.20941193393030633,0.2065229219979098,0.2058986669141958,0.21028401287471307,0.20892397629759404,0.21008410831035182,0.20609452028875055
1.0,0.2114701421777183,0.21082066885141712,0.2073083227326249,0.20649146973522955,0.20634284128415148,0.21149317701533082,0.2085745764007158,0.20891407323761838,0.2093431682594361,0.20564329543597978,0.20900259396242862,0.20879357612685479,0.20218241972529083,0.2064496930244577,0.20573169826783072,0.20296523827548252,0.20414441087261653,0.20070162255178842,0.20650634974953078,0.20485895234183513,0.20140048781626857,0.20337971327461418,0.20185418774406788,0.20759268751409066,0.20631650798547704,0.20390703266929427,0.20534127668212712,0.2025772633400432,0.20387488717305408,0.20493507952923234,0.20371628501070124,0.2059174956803192,0.20611027102130117,0.20902889678646816,0.2085884709372699,0.20670810805375164,0.206448358763937,0.2068436834066618,0.2134383020034894,0.20534413024553755,0.20959914053642018
1.1,0.2097982070682601,0.20782294285807879,0.2072401122833437,0.2070997745392407,0.20883098139853892,0.20687518050747963,0.20688319063621594,0.20825791148398767,0.2060153891107423,0.20965478045533953,0.21031096648041675,0.20700434042877955,0.20716884503481914,0.20962355030606025,0.2087192245183136,0.20495965972186356,0.20124546854712008,0.2057244656491594,0.2034076799669151,0.2049527798293888,0.2088004143409634,0.20451732370687198,0.20442028397466763,0.2070934485725039,0.20377125180254263,0.20509249776524083,0.2017190741432287,0.20578230939959627,0.20719473227845364,0.20413777005060643,0.20340862326284748,0.20635366627381865,0.20920321628566607,0.20644054282811145,0.2075252934931904,0.20865079216994967,0.20772856609488796,0.21097133695249673,0.20701629960099122,0.21140517136308748,0.20772323431479894
1.2,0.2095555361905311,0.21242325366603207,0.21018156288476555,0.20922805153625015,0.2109991252724887,0.21010207693370953,0.2093919512044399,0.20967695882278597,0.20710122308375978,0.20893292844467884,0.20381993447480104,0.20784358343899992,0.20842241504770304,0.1992082957853182,0.20770056643437962,0.21035166072650752,0.20706091977528307,0.20566820655631377,0.20642968913535598,0.20649833821528876,0.20513006615699478,0.20539254312065586,0.2091760337487242,0.20394104605346491,0.20354998431843133,0.2064647485631721,0.20821834329373382,0.2061138450759675,0.20624536926000592,0.202836496537057,0.21055309904272188,0.20623079094649338,0.20821608322666782,0.20889132345524064,0.20629158751154011,0.2071151537079982,0.20931956257615345,0.21392856700200155,0.21402563946269698,0.21176074846348208,0.2084627024545392
1.3,0.2084104864963193,0.21042757393783892,0.21151827610141688,0.2120448476721131,0.21103403056254155,0.2086723838162012,0.2091365606135513,0.20670134084961878,0.2096669248834336,0.2080565706694864,0.2058206394957479,0.2035048524417299,0.20863787634726375,0.20501257289828498,0.2072735386112616,0.2074578221941485,0.2058526694351197,0.20501664060954483,0.20778698064214252,0.20882463154587255,0.20489608580342603,0.20790118415644382,0.2056825839825254,0.21054099523200473,0.2084314713214367,0.20774443198572065,0.20569135162139637,0.20666710244570338,0.20631458705133454,0.2089030601954986,0.20996829315645807,0.21094194794588425,0.20954602685560833,0.21144264399488258,0.21161916096201064,0.20806391371015232,0.2086365119007648,0.2104809878316871,0.20788458162065987,0.2128187618483958,0.21065419616392686
1.4,0.21330569355260232,0.2090759296900023,0.21068960332156145,0.2122063113929541,0.21249153737514775,0.20918112560116814,0.209815122559609,0.20895604340954518,0.2082876663565421,0.21004441532542245,0.20884401726905227,0.2101360233894553,0.20513421960802125,0.2072848167190759,0.20998330231537032,0.20617295398639363,0.2060880764922848,0.20925649115496034,0.20757307254761212,0.20617466682339822,0.20555545547280776,0.2077275042417195,0.20726457210571503,0.2057339732385484,0.2091393715219359,0.20795247907017692,0.20484272078824284,0.20816926694555243,0.20360098753488565,0.20243747332869103,0.20982704900331842,0.20818261878429664,0.21101217574622338,0.2063563091845667,0.21167783630451767,0.2089655304492432,0.21001552128004367,0.208586756488756,0.20783019281998638,0.20711496880807653,0.21459706699835554
1.5,0.21577311925592604,0.21194084425546436,0.21178427080584847,0.20846982218859397,0.20987159195667365,0.2102819431453954,0.20732318200462266,0.21144943370107017,0.21106586755859313,0.20766884355248447,0.20830776115599747,0.20767556327195763,0.2080036233974133,0.2103624925569771,0.2066354811762527,0.20778163996977808,0.20642986141501696,0.2078252196574425,0.20536311485745568,0.20639069903208976,0.20742511262061428,0.2058793230115994,0.20703091153456643,0.20822921738215952,0.20684441259417324,0.21079685225931313,0.206133800900036,0.20619216364030396,0.20772847840420566,0.20886815108147977,0.20944857705853087,0.20568381811209027,0.2083335037456022,0.20872152974019242,0.2054760366322379,0.20776798956891696,0.2059508420052058,0.21407339550597096,0.21155763316256282,0.2105496626483547,0.21211886979501485
1.6,0.2137842105311068,0.21519356401895226,0.21134407271227068,0.21125065712654068,0.21454868442441938,0.2072337799063001,0.21317215198254347,0.21030698278405235,0.21240080049759982,0.21105341839240432,0.2101843445932255,0.2106294772062482,0.2067029646759134,0.21065908201240613,0.21089415195531738,0.20661157871055674,0.206899100120888,0.20956833217442286,0.20826445449360492,0.20762359859854573,0.21193763431490836,0.20844246932664592,0.20613991689843017,0.2078904441246191,0.2127011821658354,0.20719200006340827,0.2098678346926299,0.20605774188392115,0.20998071410800298,0.21180159124606626,0.21063297388077895,0.2075913478663793,0.21134055078303318,0.21187893483843426,0.21483201091160947,0.21146752121888757,0.2121915899008048,0.20873745291366078,0.21364671849357897,0.21421521593791576,0.210524252299628
1.7,0.21063601601281542,0.20994861371672913,0.2092277029482718,0.2114471527598607,0.21619952177750054,0.21494807902227397,0.21087635245172562,0.21013047245545105,0.20722891489712353,0.21315712286683397,0.21091785309218208,0.2074653758220674,0.20985143614653348,0.20731640999913342,0.21236839312650868,0.20978176717014702,0.2088138911725842,0.2097726927745089,0.20822791163814408,0.2097721588967239,0.2088351570543764,0.20690608348949163,0.21093816992954353,0.21068443855295105,0.2096501907752843,0.21253604508272628,0.20902323152973526,0.20768044185148182,0.20988443589697425,0.20725545827994465,0.2076637588794402,0.212862615062201,0.20903223578954083,0.20810701907752702,0.21108884130820982,0.2109625309655352,0.20959285865285057,0.2132914154345494,0.21487888365024418,0.21479549850517804,0.21063963360670668
1.8,0.21577995456556956,0.213674038164452,0.2137959658783887,0.2133923315989465,0.21374195327270312,0.21180218955480157,0.21359740888361395,0.21133038487520758,0.2127555653501595,0.21027846551709828,0.21188310349540362,0.21108089272462344,0.20974986929563094,0.20920990935642486,0.20811117429933224,0.20789110360877985,0.2090886764380286,0.21048544028749833,0.2146862422932047,0.20754917508825954,0.20652732692256398,0.20811395714188685,0.20876540823525377,0.20531886513853845,0.20726392166110433,0.21088161541188202,0.2076288233787222,0.21172096561887666,0.2111517401343106,0.2098475432276478,0.20860411741288823,0.21206442640395431,0.21447973026697836,0.2072510594144879,0.21571952443066575,0.21379216177775145,0.215703756566478,0.21569769609707803,0.21534698348844775,0.2133643409815182,0.20867671244288577
1.9,0.21467617768009864,0.2137541329029559,0.2136814608965664,0.21146359951686844,0.2158643539385435,0.21250936815483973,0.2122719588109761,0.21140714203959218,0.21370583921516423,0.2081783967686615,0.21248869177184518,0.20886720266216718,0.20869081587233482,0.2071308057805779,0.21564120948550586,0.20887411163369746,0.20997736403278364,0.2120415358696453,0.20699330548821543,0.2097358793197049,0.20955479534171226,0.21073707878799322,0.21291395576797034,0.2081494395136671,0.20478044992030212,0.20889120254206178,0.20895323897539533,0.20833783363854272,0.2106635167641754,0.2125228247607995,0.21094216027206547,0.20960560709800127,0.21590829224585276,0.2112371416683557,0.21363179013096195,0.21354497472917353,0.2174590385971219,0.21271136359463852,0.2150921647880919,0.21386676805692967,0.21173922058276554
2.0,0.21463705043126935,0.2153342721717894,0.21192460529446064,0.21593975544200128,0.21535376217790095,0.21643736541569497,0.21260525646397438,0.21252133338973664,0.20858324386794064,0.2118732580182997,0.21101745114724235,0.20779847299856824,0.21355507191841278,0.21172431783789833,0.20939197509622673,0.2106552322995827,0.21198719114908401,0.20969513888354105,0.20676051693000186,0.21539877245911476,0.21150850975602764,0.21099097659226218,0.21033300991435705,0.21029158798590952,0.21059735442536218,0.21067855439739042,0.21026377473310054,0.21324732252250128,0.2077137844012778,0.21220826683490307,0.2094105898329022,0.20890060089476462,0.2135252740587023,0.21468302325470354,0.20983257606645708,0.2108785355262279,0.21218317981266865,0.21604788156200908,0.21495168369823678,0.214630983859253,0.21713934048763178
2.1,0.21441889265216604,0.2137490912712278,0.2115176718617476,0.21355057415478748,0.2143202632425853,0.2135155289629274,0.21227115006624442,0.21461473186783048,0.21431841241698,0.2120684298449169,0.2117625623337246,0.21295725339252952,0.208383970384304,0.21363624550288002,0.20831754211871198,0.21215910967328233,0.21228076101776525,0.2100300047192208,0.21226595046804456,0.21325112049939252,0.20838718136329978,0.20838168516512734,0.2100821501253088,0.21198991708602324,0.21246100238827004,0.21145140792810785,0.212724990009446,0.21476143248913715,0.21457339354247604,0.21078628174467637,0.21121623791776536,0.21222098259204902,0.21269673968755426,0.2121758537936399,0.2071142491451618,0.21480492145393937,0.2125443375923922,0.2149232697541582,0.2153988748967552,0.2171775367121345,0.21425858861870958
2.2,0.21873285010170734,0.2106327459886461,0.21480101902043483,0.2181520611930999,0.21408415831639221,0.2140767331922182,0.21735564378605743,0.21566070650089383,0.21280862170633624,0.21494671360416392,0.21405103160909972,0.2133948840952624,0.20900458324862542,0.21417895371786988,0.21200051790128474,0.21158828423249934,0.2115644045672215,0.2157721159907644,0.2142730760958972,0.21029169558813263,0.2104147530631327,0.21025939763270238,0.21516810300447003,0.21500798126640971,0.21709952468684113,0.21174357932442106,0.20953158339767894,0.20738101425851457,0.20978119279712532,0.209321999610371,0.21243924679845338,0.21455184674209274,0.2127697024472678,0.20952843470819615,0.21090522075597276,0.21598726444192257,0.21330160316388083,0.21540509354156406,0.21526400282104793,0.21040334896463717,0.21654744902675896
2.3,0.2162270216646356,0.2132272722522431,0.21487447726653178,0.21652511859324078,0.21693203189008103,0.21309953310572174,0.2168861460657185,0.21646021367876767,0.21105124598012626,0.21189879778965462,0.21323776944830403,0.20961378613240209,0.21208335909264994,0.21050769190182442,0.2123536911647457,0.2108069727730075,0.2140009275974299,0.2089713446645454,0.2119683584606543,0.20961067494635596,0.21369963724448568,0.21237240602444432,0.21144468859654686,0.21152817686644076,0.21132329474004677,0.20921268255764175,0.21020203727562922,0.20988330013167028,0.20983615631908967,0.21099282747641007,0.2095919850999893,0.21263386464626138,0.21235293915867395,0.21628163611708703,0.20999868838326807,0.2110632123026384,0.21304406895498704,0.21432070837958053,0.21700954436126899,0.21611900714115878,0.2193749998062094
2.4,0.21230194256075724,0.2195149407918,0.2175404330025116,0.21668182306839795,0.21388065848943866,0.21445048876948447,0.21245099667125106,0.211486885080985,0.21717819087247048,0.21208704927738026,0.2133518397680284,0.213797745350486,0.20962993521408824,0.212222195800399,0.21062142988787194,0.2121750050759824,0.2109290335249885,0.2131230278116521,0.2114308756823876,0.21435486055689024,0.2096140148045078,0.213300888604894,0.2090653846336835,0.2069442873423225,0.21069051477101536,0.21124013736434677,0.2135615378445154,0.2158546636146581,0.2127897757071492,0.20923721748316917,0.2135049864422818,0.21227021288570688,0.21160491932130276,0.21141261421697707,0.21420867628796947,0.21612268412631214,0.21872307573854272,0.21587177985363928,0.21538919062697612,0.2168141426446568,0.21509579050192812
2.5,0.21604359301490728,0.2122166865408495,0.21441638069591754,0.21525849048988313,0.21781938055147337,0.21684221578413662,0.21346482528116503,0.21591318472388535,0.21328474600293534,0.21655108895872993,0.21604552029139115,0.21633440376909946,0.21053426440528378,0.21583034744520624,0.21205783760417957,0.211745073561643,0.21649744498019632,0.21162373293532452,0.2106143940014542,0.21657354437467666,0.21325843694556817,0.21063672028675348,0.21264251429490896,0.213515089682678,0.2123738906044034,0.21170189857398874,0.21349760373663995,0.21043521354144243,0.21552767798778208,0.2198300820239356,0.2154623930278584,0.21433966652369693,0.21156549060586977,0.2170082511680983,0.2146667133098954,0.21625729115782735,0.2182480823472726,0.21951863553797013,0.21806338872455444,0.2123021422757835,0.22076216202005208
2.6,0.2192062688531952,0.2181147054726814,0.21890307021059943,0.2156553058751673,0.2171118597313686,0.2139589725441639,0.2172220446570568,0.2143274276637111,0.21561040700323456,0.21765055575000616,0.21317283698192777,0.21405674728433294,0.21439748278622703,0.21302852338036307,0.21356212529313542,0.21155317584657515,0.2153169716208848,0.21231983677776692,0.2091312455409413,0.21227479647050318,0.21372735156267494,0.21526750907975473,0.21715724360057137,0.2109940773221626,0.2139267929751255,0.21259677539825397,0.21285859073661903,0.21233028899392475,0.21489638821499493,0.21516659620013853,0.21344449470066074,0.21115863564203238,0.2125490089173605,0.21768427924354578,0.2144804248550578,0.21375986569496286,0.2185758147889282,0.21394700857316556,0.21854825461239075,0.21274732926941672,0.22025901455405733
2.7,0.21746228774054766,0.21885518690637673,0.21813120587570517,0.2171842858976759,0.21871839370890728,0.21664450286770706,0.2155843692025471,0.21479457474273703,0.2147850413986519,0.21703721411087795,0.21340096404615982,0.2151957227693867,0.21381295336666586,0.21429489926756448,0.2124282451484126,0.21337709323886017,0.2122122996629611,0.21449764640770258,0.21113687631402833,0.21219630059133635,0.2098635270742204,0.21375189379701198,0.2125806027334632,0.21158364267088223,0.21181023286754636,0.2155460885880928,0.2156870955833279,0.2147300824417589,0.2134717052714904,0.21201852436786073,0.21611143311395212,0.21508661658821648,0.21672418083414405,0.21439514193114897,0.21241032909878385,0.21480976960310083,0.22009451157295837,0.21839289537042952,0.21767822917221688,0.21885217505547705,0.21899602887865371
2.8,0.21910660245992727,0.21772940071816138,0.2156274692573643,0.22001423603153367,0.21794104699321729,0.21419178558072452,0.2156673119972973,0.21860746771532474,0.2147732576027371,0.2188194429655482,0.21464643116535673,0.21546017519104815,0.21252927849193004,0.217608386733334,0.2151973873465627,0.21243525202612878,0.21507629476732698,0.21396746633721933,0.2148942304547247,0.21604107627126976,0.21560026496402077,0.21362733955172697,0.2148942447305466,0.21321552732434385,0.21601118266680427,0.21642911921752733,0.2136409667748931,0.21371929112285565,0.21491388561665042,0.21161884843020026,0.2129068033895504,0.2133254167394045,0.21466466702616913,0.2174742679958164,0.21539396804798921,0.21090049954626408,0.21959852014706926,0.2187018739896261,0.21761638882364287,0.21799659484839426,0.21777053229742427
2.9,0.21901844909091236,0.21914567587864076,0.219939666723158,0.22019686331230282,0.22108956911122596,0.21520431044170002,0.21425560269793387,0.21475245050814898,0.21502405897876056,0.21646199909336972,0.21349778188733246,0.21562890237571739,0.21225629978642563,0.21064503960593448,0.21603592593087198,0.2169029150831986,0.21691884468283498,0.21663383669705066,0.2148362568179252,0.2144353809234094,0.219985331468524,0.21458247584398826,0.2167976986527811,0.21708439028507173,0.2150988877456716,0.2146810074021344,0.2152297788882638,0.21464860394065402,0.21725659936045677,0.2141352132451356,0.2165285032553,0.2206267149343647,0.217806425109392,0.21728928358011348,0.2153949314741477,0.2212557297214126,0.21850637684871901,0.21814119671304535,0.21884056626105675,0.22052312600939605,0.21993666684387
3.0,0.21981401614181623,0.21441419231042402,0.21631821723939218,0.2171867231711735,0.21817437265872697,0.21648670059463337,0.2175178124969015,0.2175986052447919,0.21547545377146715,0.21769563402939485,0.21955185597496082,0.21501731701031263,0.21547524410397015,0.21669557282682475,0.2143050218517614,0.21589624405473562,0.2170477895693181,0.21663150503290882,0.21309050335089533,0.2134362188885683,0.21563206010330319,0.2133883231166519,0.21353539848915273,0.21487433250252885,0.21501364156282635,0.21390971256908953,0.2183695328570584,0.21488400041487,0.21860813505078258,0.21436503512110058,0.2154766941438411,0.21730799238244491,0.21932820289406033,0.2203717117030855,0.21791944435641852,0.2176980616968718,0.21794100471821262,0.22027540051297387,0.22166812410608774,0.22118837190629098,0.21990908727340278
3.1,0.22204785058844598,0.22093356842338066,0.21601831599739502,0.21936564760423652,0.21843061115647314,0.2205798636396087,0.21812920275452743,0.22361147794267916,0.21586978689586264,0.21811335509894375,0.21710061946133272,0.2171259847341187,0.2172820759774139,0.217128668568956,0.21634490014537527,0.2130790648072675,0.21928575631000424,0.21442071239029148,0.2150253469815861,0.2175695687773777,0.2153376557534082,0.2145874741484095,0.21893310581872386,0.2158222697927497,0.21731675774958695,0.2166612297974628,0.21605933120366141,0.21758552736372797,0.21702110848033207,0.21641872837837506,0.21844422870997401,0.21494863927445595,0.2168916947261754,0.21345904801900695,0.22053105291319675,0.21633537312446202,0.21859754192731043,0.21961283486869265,0.21864263931342645,0.2198780848858351,0.2225425167331483
3.2,0.22124592751358688,0.22180577420039482,0.2233762664944993,0.22360741807027573,0.21725169490887922,0.2186666557831164,0.21895021026454778,0.21601337629649292,0.21709486046235657,0.2190849474981714,0.21789536911117086,0.21764731981723776,0.21406101715989756,0.21819319667576748,0.21527900262233968,0.21437803308964903,0.21511030336720016,0.21763027818445588,0.21728732734160638,0.21720058461004343,0.21586311500452113,0.2153262802523305,0.21685512348748978,0.21702681840004384,0.21748135986483788,0.21715397833325173,0.21611019995260936,0.2179267856725188,0.21765082876745262,0.21477175129607234,0.21604691912201368,0.2183032777251127,0.21993490359175485,0.2212348104852953,0.21742197879462907,0.21852074647167413,0.2185501022397295,0.2218843344645318,0.22102107878787441,0.2219191991093439,0.22020552132998344
3.3,0.22221762232953968,0.2185988003373864,0.21971013303485573,0.21871808159221445,0.2169758305469828,0.21839130660719416,0.21594193436954887,0.21892531901667195,0.2216943596878115,0.21708216302826627,0.2155536159433446,0.2174194873230347,0.21733451460857228,0.2219931885037361,0.215446124728454,0.2155637448352602,0.21799583734108552,0.21603187671626944,0.21666402885541713,0.21573774846964325,0.21886643942179201,0.21672710983546153,0.21476609262932775,0.21833260167983315,0.2208341002355746,0.21338597841482987,0.2158078073046197,0.21748072765289886,0.2196541929944436,0.21659941453270942,0.21731004386760344,0.2200401524547299,0.2174736475340257,0.21624228284002503,0.2197220278509422,0.22210309261662042,0.22223680131446102,0.21827357703257574,0.2245673441971203,0.21937788678520156,0.22008588217834177
3.4,0.22315904809998313,0.21894424740111176,0.22193290646413255,0.21729544930955463,0.21930410772161166,0.21856142659470093,0.21577277961178953,0.21925051278142363,0.22143035111699383,0.2152981775800632,0.21600528473442218,0.21943174514398944,0.2161266981517471,0.2184774168771502,0.2176267390198341,0.21614027378154738,0.2173077180128534,0.2193157423934354,0.21807802646124452,0.21453613487995615,0.21532030966252344,0.21763931831498445,0.21847952419706562,0.2155594281414852,0.2190847344817017,0.21835727750692197,0.21900127551681828,0.2195202630324876,0.2162017571717763,0.217169740914123,0.22115978067920664,0.21530747669525102,0.21869514777346466,0.21982699440412823,0.2195512301484084,0.21931776443655365,0.22408991684937613,0.21868540253645383,0.2243540228847357,0.22127230920727042,0.22189354545657733
3.5,0.2218182560871087,0.21960324480198887,0.2210037121072957,0.22244731950565177,0.21963282301779435,0.21678960415814758,0.21888726234830336,0.22274203534178894,0.21860602771066664,0.2178180444730683,0.21974405200381916,0.21658099563048894,0.2171488354954803,0.21729723144896,0.21777045913628484,0.21492847496706927,0.21634514444476927,0.21917789777637492,0.21633717754441,0.2166786810092781,0.2195977314486707,0.21952031299183883,0.2182820732653678,0.21838495540991,0.21467578455115874,0.2187194352621952,0.21811420826645597,0.21790833641959084,0.2184920215878047,0.2194319359432826,0.2172010784307139,0.21861115166846762,0.21760329253660007,0.219612412206071,0.22157733124790083,0.21747927707732922,0.21961113977691668,0.2206540583320734,0.22196578463584124,0.22386110139791307,0.22383937245094834
3.6,0.22705939465117758,0.2232538962311481,0.2209621045780844,0.22084639072267415,0.2200257494984177,0.22258568647977353,0.21767727555009342,0.22341513166306973,0.22313355927314446,0.22175583824554423,0.2191692029933953,0.22080857871801823,0.22098667152653412,0.2172031492005588,0.21881866417343365,0.2178193975341638,0.21866694729810338,0.2173916499548805,0.21532643011482916,0.21993949235474908,0.21930858635063719,0.221364059445549,0.22004420558445884,0.2190097487527949,0.21602916436054864,0.2187810842028796,0.21498899661975057,0.21881987370276046,0.21875167744116467,0.2206508272915354,0.21970588047815964,0.21976354533389167,0.2189666510669081,0.21888476482916208,0.2223169654517266,0.2193880174783347,0.22131808565572006,0.22488269048863402,0.22001574800530843,0.22456304314768047,0.22258660781219475
3.7,0.2254165509959267,0.22228704568110363,0.22560344945884145,0.22467110477894564,0.22216672142380725,0.2195990829409711,0.22077776410206945,0.22240243029259063,0.2178164888868544,0.2194176720530286,0.22113406338070896,0.21686859643767029,0.22051791211554675,0.21951320214586034,0.21737040523895776,0.21809834468657263,0.21969267927167577,0.21868098066356026,0.2204428050689978,0.21873199669390553,0.21998826601890456,0.2209844898536974,0.2157314034064575,0.22021928100897684,0.2228272171077667,0.2213104601142532,0.21566249000473603,0.21982814407216902,0.21732862099895975,0.21815166136554262,0.22025136876660079,0.22081658038851396,0.21927260233372417,0.22235469166043004,0.22198584096579196,0.22003727537756243,0.22121068106194886,0.2253043951798772,0.2213293285024067,0.22350956542376543,0.22321381000729099
3.8,0.2220476070344503,0.21903894265470344,0.2252763609057195,0.22596898102433385,0.2234154021977559,0.22200976404375658,0.21777731744155338,0.22168929369100585,0.22522835011085118,0.21733306997189217,0.2170153754666928,0.2150396304474316,0.2213575684705711,0.21901950117270313,0.21819109441544074,0.21945355708462705,0.21962774602230867,0.21860904504725284,0.22154870246628577,0.21900054605977462,0.2209209226770313,0.21538902161147874,0.22225837059501977,0.2211423484758771,0.219373308354101,0.21813246054122978,0.2181827475060328,0.21979862521023444,0.21811712649663287,0.2215629891536954,0.22015734268615897,0.2207993277083019,0.21905882773786345,0.22129226866008092,0.22356890544061994,0.22234397207741863,0.22132842561723912,0.2267468450968968,0.22249534427236303,0.22213785440942863,0.2269220528206653
3.9,0.21862464694612402,0.22294883486277567,0.22470872119794677,0.22109369585236616,0.22763090057803043,0.22229842937149102,0.2226537788927619,0.2206320684907277,0.22330665576613024,0.2190397458513468,0.21992580020861147,0.2200116618036892,0.21969553859523863,0.22090526731061078,0.2198629298173584,0.22109603610993653,0.21625463195589945,0.219318363306727,0.22119128420604328,0.2168302208146062,0.2172274592636546,0.2152541461570192,0.2198249225597457,0.2205402077098766,0.2193928084414803,0.22368281759504624,0.21959209483513759,0.2193802872531703,0.21789629054933357,0.21639530214439145,0.2183806408057716,0.21631228426306887,0.2205273113543733,0.22257054440025406,0.22265203325573704,0.2271576800204061,0.22418861985594543,0.22175727451249994,0.22024398708420947,0.22164296943280057,0.2249234266971868
4.0,0.22597378439042887,0.22479548469868219,0.2218569669810408,0.22541950188672166,0.2261871106003361,0.22079410286237597,0.2240805306882778,0.2216461914511925,0.22025213379185474,0.22103830423748508,0.2185832990951964,0.21928296176604653,0.22261638642205736,0.22170407293279742,0.22121463183223186,0.21394752445445522,0.2225275371567254,0.21977199427086258,0.22147539307541325,0.21875068793803717,0.21728261108054447,0.2225910547467551,0.22050453183298277,0.22281343338021775,0.22331660927803124,0.22135937819273777,0.21781055766032967,0.2165666899457494,0.22101692532206238,0.2210717093643436,0.22225951783001457,0.22049101488189343,0.21538792283565364,0.22231344545660497,0.21771868141119596,0.22090360894407512,0.223728963598198,0.22129875462697715,0.22480382271294752,0.22339464793640545,0.22442346331865953
4.1,0.22534059890949446,0.2291928687748234,0.22399546770155557,0.22583676823366708,0.2264405908687738,0.2224953587526786,0.22013117603873542,0.2251177334577343,0.22027739076672764,0.22514664359441788,0.21839165831194493,0.2206844143824197,0.217984130662166,0.22114662041632713,0.22462145538304557,0.22534186013623328,0.21928152571159346,0.21897198518429187,0.22183234551201658,0.21980491629049706,0.22048232795182135,0.21693133157182792,0.21940065797778593,0.22515482369958767,0.21974145137783926,0.22133949886441642,0.22078195051468605,0.22005312511468017,0.22435990099738728,0.22043744450047018,0.21925745053583207,0.22487358983369912,0.2243756701794136,0.22056396577636167,0.22365233486446065,0.22236550889182247,0.2241006032698277,0.22340330321217977,0.22564545407272696,0.2243024514840289,0.2223606198928617
4.2,0.2238673360923051,0.22781246303550146,0.22742761312520265,0.22708198141075284,0.22747256307704747,0.22514450925096455,0.22164200621613023,0.22500705436724786,0.22237986029942913,0.2251970882063525,0.22336241160697015,0.2203277523922332,0.21841680872435693,0.22225723253910143,0.22024813833761744,0.22105532573480233,0.21972964200652623,0.21873085678318835,0.22388537390206115,0.2199406353338042,0.22093647463893598,0.21852167545706655,0.22122416453346438,0.22489264580526475,0.21881693890783863,0.22159042246201555,0.22481736228215093,0.21893667997963373,0.2199502334026705,0.22109893836557026,0.2229788376463865,0.22240934766570733,0.22313043778873853,0.2249431534878397,0.22254366734948533,0.22463806884871643,0.22688875868758546,0.22779958674556477,0.22756912278183875,0.22426085870826382,0.22564258025133446
4.3,0.22810389353509986,0.22535204330439568,0.22331143356154734,0.22550576793515653,0.22135321310613276,0.2251221324297361,0.22349694975695697,0.22289148960795158,0.223037775841633,0.2228785135627588,0.2235635214024477,0.22384526755184836,0.21997526218229213,0.22153428876975764,0.2209939918968347,0.22111059633326946,0.21797641940287907,0.22484345113921,0.22133414904678492,0.222795989063868,0.22120815325536605,0.2211636146887446,0.22486180805083358,0.22597089794521635,0.22300641085448963,0.222912821041834,0.2198967320573157,0.22378531870024418,0.22096464096615992,0.22470661131248276,0.22265596572049876,0.2220263207325598,0.22481723048161856,0.2267274968414941,0.22627945848472159,0.22435826284426852,0.2258209709753506,0.2235380327038499,0.22239842228693482,0.22459268985481712,0.22852191446102504
4.4,0.22651525967089442,0.22610856535817142,0.2235170281693923,0.22360121679254222,0.22730516131394593,0.2256383980934774,0.22391939745368022,0.2244426156522092,0.22112467790175425,0.22332697832848128,0.22159026583628308,0.2212334474064513,0.22211216714744392,0.22124974985613197,0.22163054625726944,0.2219520376459605,0.2252631836676258,0.22019181106400562,0.21973296587671212,0.22068606422835313,0.2207169844674946,0.21974004181522058,0.2198003642454275,0.22237836876233177,0.22131368715406338,0.22082301534009058,0.2221410187964084,0.2266929053585292,0.221423167743766,0.22247815986213662,0.22110622992535403,0.22269857056159362,0.22401415313435738,0.2226314978142835,0.2256586189169191,0.22503495338701834,0.2292487202716511,0.2240838713468557,0.2276261165136388,0.22693829234171042,0.23079084684433768
4.5,0.2272357185687998,0.2299939042900335,0.22437259474883361,0.22836120866853535,0.22513410157433922,0.2241026446845375,0.22415537298497196,0.22265933582839847,0.22336334770867255,0.22410067168175204,0.22563181759854592,0.2215712284488869,0.22400493448773887,0.2252672638393043,0.22734009044643494,0.2233378501736206,0.2196574171496615,0.22405234420611445,0.22460238755932507,0.22141910506530899,0.22358054378456665,0.22019993083031036,0.22291911300514808,0.22672126302299778,0.2209536938214532,0.22549672982829183,0.22736740917309614,0.22357056749147414,0.2223330931404689,0.22445192762607713,0.22284372012854511,0.22344612733917574,0.2236415396305321,0.22333554985776694,0.22422909915591915,0.22560638462517993,0.2263950086576642,0.22572620295470933,0.226295598386748,0.22754765346260966,0.22862358677658906
4.6,0.22497732229604622,0.22391905084675987,0.22784206511076827,0.22947930746135178,0.22766067201280715,0.2222873737683725,0.22613814126576423,0.2288047445774006,0.22411013599840868,0.2225475065138077,0.22475714435833447,0.22636928664757194,0.22459415703121144,0.22757436061773104,0.22493234725057143,0.2207371065056141,0.2240387032005133,0.21962443150310856,0.22015617837183427,0.22026379393331966,0.222475101217851,0.22156867937496172,0.2231525858180218,0.223326874801505,0.2234761481308386,0.2210563975893174,0.22453313955208462,0.2261552837316676,0.22331920008847767,0.2257111981623235,0.2217407135622885,0.22263759385256263,0.22390161287968172,0.22473287086932525,0.225578445689369,0.2245846389934358,0.22910148945698436,0.2269466676539539,0.2276280841029318,0.22681851615164214,0.2305146757176622
4.7,0.22678218267395,0.22872582175054418,0.2278896881237085,0.22945779421053777,0.22907483061618708,0.22736101386797453,0.22372976367104497,0.22331944462340564,0.22152041525763438,0.22248818170137022,0.2281868723548114,0.22413069626879842,0.2238577293005377,0.2261810550550841,0.2291468804053736,0.22556520801284255,0.22250302041515133,0.2183588807968455,0.222624848172909,0.22461735525465268,0.21964957064666568,0.22625341068877328,0.22195046210191013,0.22501984411953047,0.22671980285654453,0.2245235074699208,0.22351276049727462,0.22393209647754905,0.2223423341451505,0.22794915821419168,0.22572948927859124,0.23016959988408825,0.22072287921757425,0.22612337532808338,0.22809047562029192,0.22601348848206876,0.22935024956793854,0.22827289569560208,0.22999518926866117,0.23004418828248427,0.2314793141664812
4.8,0.22892963095685598,0.22786013552765408,0.22880277157102574,0.22771999990715014,0.22348368654503026,0.22154298686824975,0.2271618328953493,0.22470672558959745,0.22733797937926434,0.22400370234132674,0.2239568619616223,0.2258386413858213,0.22050457730908465,0.2238310500652352,0.2240079680734457,0.22486243968152284,0.22261517738606187,0.22353551640153377,0.22562989664005437,0.2249740583864746,0.22312239638437797,0.2218495048161127,0.22339638684537028,0.22333482401173724,0.22565322686989034,0.22286450142863354,0.22545832811521857,0.22486350657678686,0.22180604931639397,0.22911119372532726,0.22563085854449483,0.22707044978007815,0.2247877773078305,0.22092303591049933,0.2286813104538767,0.2264589128481999,0.22745923669643073,0.22559841264323086,0.22581981880425667,0.2313860104577264,0.22429259636789467
4.9,0.22984499215108845,0.22568445255896144,0.2276310764610161,0.22553785989149536,0.2269988014179627,0.22905817821195884,0.22400555357336366,0.22670778905208125,0.22759209196808822,0.22777157345486945,0.22415185551354222,0.2264135060907676,0.22558887148461584,0.22461486122793875,0.22674999509382793,0.22119122992495063,0.22370439055929991,0.2246541617947718,0.22197796402892733,0.22189587338730954,0.22564738875306536,0.22285647389522917,0.22574491973564423,0.2243940846142147,0.22372742034108933,0.22161139335947821,0.2262196245415988,0.22369390203147999,0.2276124135643984,0.2248475374223037,0.22497568700783568,0.22316621239215767,0.22683577923616408,0.22627181049563896,0.22681259723956335,0.22731209161369284,0.22768670818889322,0.22809568014079656,0.2292636190276875,0.23378115939674016,0.22698046819113235
5.0,0.23193636892177866,0.22854546327310496,0.2274553594400736,0.2281147421333135,0.22839204983331332,0.22749338168527478,0.22548716598562243,0.22526585183393216,0.2262819652681156,0.224464887276896,0.22720193948845457,0.23059177415228516,0.2281410964102129,0.22318430844540493,0.22446813289897322,0.22583499865644527,0.225301590635025,0.22560620170995058,0.22448809398751068,0.22420729288803554,0.22404467931629382,0.2246552897709088,0.22543836673406561,0.22600385263686754,0.22570644840124557,0.22640548341976105,0.22684433173584215,0.22546607558096096,0.2261054446889468,0.2280842220824121,0.22724481295555787,0.22529298370007686,0.22613009669497264,0.22820592115173546,0.2292864135130229,0.22773138365937706,0.22783189274835658,0.22655412005690753,0.22990373289975302,0.22978623006771423,0.2274747356820683
